Date,Adj Close
2023-03-16,-0.01719351250293244
2023-03-17,0.016386229936489638
2023-03-20,-0.026532598430302534
2023-03-21,0.013581009098754926
2023-03-22,0.017273693941018076
2023-03-23,0.02338833585954947
2023-03-24,-0.006681463274357369
2023-03-27,-0.017473178914070187
2023-03-28,0.011087713652638165
2023-03-29,0.020609411435099867
2023-03-30,0.0057809109611453025
2023-03-31,0.0044796853324229335
2023-04-03,0.0004446207779216227
2023-04-04,-0.00659457390305751
2023-04-06,0.002792134165784388
2023-04-11,0.007576582864966319
2023-04-12,-0.00856132793017994
2023-04-13,0.0017046446807316151
2023-04-14,0.004636642271101277
2023-04-17,0.016813046487557992
2023-04-18,-0.006348599808244093
2023-04-19,-0.013692155942351958
2023-04-20,0.0014341752768165517
2023-04-21,-0.015749409020123895
2023-04-24,-0.005767711207581794
2023-04-25,-0.017137256080025143
2023-04-26,0.00710518495214485
2023-04-27,0.004201479637340855
2023-04-28,0.0027364037981840728
2023-05-02,0.001972409243256923
2023-05-03,-0.011771476912214696
2023-05-04,0.012669083885833432
2023-05-05,0.005041928772488102
2023-05-08,0.012355474739185635
2023-05-09,-0.021158230225155172
2023-05-10,-0.005304161803330487
2023-05-11,-0.0009315843872544916
2023-05-12,-0.005903062869850317
2023-05-15,0.01752108910338368
2023-05-16,0.0003564715826624987
2023-05-17,-0.020906720433471415
2023-05-18,0.00852120796260647
2023-05-19,-0.014025253773333857
2023-05-22,0.011701436293039214
2023-05-23,-0.012547910850211452
2023-05-24,-0.016227484721775487
2023-05-25,-0.019303783371116823
2023-05-29,-0.010444944966480407
2023-05-30,0.002407938036050661
2023-05-31,-0.019440420315471885
2023-06-01,-0.0009520192169063524
2023-06-02,0.04023894780111803
2023-06-05,0.008367337915101025
2023-06-06,-0.0004825445809456541
2023-06-07,0.007996150051064355
2023-06-08,0.002450638245377057
2023-06-09,0.004703284425544352
2023-06-12,0.0007406583670219735
2023-06-13,0.006035224736127498
2023-06-14,-0.005788513358773506
2023-06-15,0.021665854391683892
2023-06-16,0.010663678081463734
2023-06-19,-0.0063610862020789805
2023-06-20,-0.015357416089609055
2023-06-21,-0.019826025456166407
2023-06-23,-0.01708673808753125
2023-06-26,-0.005073583503977908
2023-06-27,0.018835667509647935
2023-06-28,0.0012492040111209413
2023-06-29,-0.012397808088556617
2023-06-30,-0.000946939220118237
2023-07-03,0.020625464883990086
2023-07-04,0.005650394224608002
2023-07-05,-0.01572434408884249
2023-07-06,-0.030210286355532134
2023-07-07,-0.009029898232907785
2023-07-10,0.0062083933215346665
2023-07-11,0.009746325601638794
2023-07-12,0.010778187142270523
2023-07-13,0.025962103826047578
2023-07-14,0.0032639863247270196
2023-07-18,-0.02050392083184316
2023-07-19,-0.0033346175640652786
2023-07-20,-0.001281691515391814
2023-07-21,0.007778956172985074
2023-07-24,-0.021342271612659225
2023-07-25,0.04104584460519467
2023-07-26,-0.003563771674602867
2023-07-27,0.014147521843776989
2023-07-28,0.014127482391242507
2023-07-31,0.00815295923549808
2023-08-01,-0.0033776839986160434
2023-08-02,-0.024673196825241606
2023-08-03,-0.004944911381572048
2023-08-04,0.006106410378252658
2023-08-07,-7.886684437863334e-05
2023-08-08,-0.01810581686354107
2023-08-09,0.003224500994930324
2023-08-10,0.00011589241165510522
2023-08-11,-0.008991478430121824
2023-08-14,-0.015813141600309666
2023-08-15,-0.01025066640255401
2023-08-16,-0.013551860046031261
2023-08-17,-0.00014566414217676016
2023-08-18,-0.02050465537738322
2023-08-21,-0.018247634736125673
2023-08-22,0.009516992119359191
2023-08-23,0.003086399084333946
2023-08-24,0.020522898320924465
2023-08-25,-0.005094357085014933
2023-08-28,0.0006263791983898148
2023-08-29,0.019485639192501347
2023-08-30,-6.329366050061846e-05
2023-08-31,-0.005453638210402678
2023-09-04,0.025138618611152186
2023-09-05,-0.020550133133503512
2023-09-06,-0.0003754521987340276
2023-09-07,-0.01343687906173685
2023-09-11,-0.00580269672277145
2023-09-12,-0.0038990297431881205
2023-09-13,-0.0009247766017108638
2023-09-14,0.0021488558215783105
2023-09-15,0.007478463097645216
2023-09-18,-0.013877872828594873
2023-09-19,0.003715398452492913
2023-09-20,-0.00619932539306578
2023-09-21,-0.012870099865388007
2023-09-22,0.022771437136943407
2023-09-25,-0.018173118045335723
2023-09-26,-0.014799728909039578
2023-09-27,0.00829962653693328
2023-09-28,-0.013561300157464373
2023-09-29,0.025132684226436997
2023-10-03,-0.026864041701385233
2023-10-04,-0.007811386266092013
2023-10-05,0.0010484685272031946
2023-10-06,0.015807679604279867
2023-10-09,0.0017968636034537688
2023-10-10,0.008410498980422343
2023-10-11,0.012927971985137177
2023-10-12,0.01928739769291732
2023-10-13,-0.023289659287613396
2023-10-16,-0.009716806757885443
2023-10-17,0.007538421747714574
2023-10-18,-0.002296715916021541
2023-10-19,-0.024623060782791195
2023-10-20,-0.007155443354048163
2023-10-24,-0.01051713173973412
2023-10-25,0.005520443722935031
2023-10-26,-0.0023833723398259954
2023-10-27,0.020776134316659922
2023-10-30,0.0004384748797450211
2023-10-31,-0.016883421737924453
2023-11-01,-0.0006253431169456203
2023-11-02,0.007531996796294571
2023-11-03,0.025160444349631605
2023-11-06,0.01712345239052193
2023-11-07,-0.01649893998126295
2023-11-08,-0.00575542144783725
2023-11-09,-0.0032542335497337538
2023-11-10,-0.01759032677580752
2023-11-13,0.01295982127297135
2023-11-14,-0.0016843341679536605
2023-11-15,0.03921056153274782
2023-11-16,-0.013616886304552267
2023-11-17,-0.021232247773482982
2023-11-20,0.018556052702694448
2023-11-21,-0.0024850665299110952
2023-11-22,3.997906550745611e-05
2023-11-23,0.009937649468095833
2023-11-24,-0.019620516119886355
2023-11-27,-0.0019567488648754017
2023-11-28,-0.009752886240697034
2023-11-29,-0.020784732570126918
2023-11-30,0.002909440810165531
2023-12-01,-0.012473247913838637
2023-12-04,-0.010947516767214616
2023-12-05,-0.019115070227102016
2023-12-06,0.008292538712798558
2023-12-07,-0.007129214922099836
2023-12-08,-0.0007047356551254103
2023-12-11,-0.00813498664834833
2023-12-12,0.010678632836991886
2023-12-13,-0.008901035146111291
2023-12-14,0.010687172648848442
2023-12-15,0.02377731345650913
2023-12-18,-0.009704451276582815
2023-12-19,-0.007470608395466982
2023-12-20,0.006592580846713103
2023-12-21,0.0004406161054590907
2023-12-22,-0.01688938649843208
2023-12-27,0.017406520691967353
2023-12-28,0.025184570622038382
2023-12-29,0.0002265568391230932
2024-01-02,-0.01518354623554008
2024-01-03,-0.008466521431900298
2024-01-04,-2.5812622419296716e-05
2024-01-05,-0.0066472738468441595
2024-01-08,-0.018800948111932225
2024-01-09,-0.0021221467382881443
2024-01-10,-0.0057281745481216895
2024-01-11,0.012720146642590135
2024-01-12,-0.003524709839984208
2024-01-15,-0.0017390415673497195
2024-01-16,-0.021608474578516668
2024-01-17,-0.03712482693410635
2024-01-18,0.007520481609476493
2024-01-19,-0.005398956792166731
2024-01-22,-0.0227002266316384
2024-01-23,0.02625466637354701
2024-01-24,0.035553623996627426
2024-01-25,0.019628452399283125
2024-01-26,-0.016020856997754462
2024-01-29,0.007836506993168735
2024-01-30,-0.023249639466311756
2024-01-31,-0.013906490618073697
2024-02-01,0.005239863093937869
2024-02-02,-0.002097517038953889
2024-02-05,-0.001516059766011879
2024-02-06,0.040416502699554435
2024-02-07,-0.003407133375352589
2024-02-08,-0.012673842464607565
2024-02-09,-0.008281247770485334
2024-02-14,0.008433564877492694
2024-02-15,0.004109102526769659
2024-02-16,0.024793932567299448
2024-02-19,-0.011282133482316214
2024-02-20,0.005688390104903185
2024-02-21,0.015731016471875137
2024-02-22,0.014533609749210141
2024-02-23,-0.001020718842703161
2024-02-26,-0.005447800234479772
2024-02-27,0.00938160408134947
2024-02-28,-0.015124422901770296
2024-02-29,-0.0015365778156194443
2024-03-01,0.004723997578856665
2024-03-04,0.000393699257799085
2024-03-05,-0.026110618199989055
2024-03-06,0.01704240156954362
2024-03-07,-0.01267237083460171
2024-03-08,0.007616207546710108
2024-03-11,0.01432000760067953
2024-03-12,0.030500530093834355
2024-03-13,-0.0006663717202445296
2024-03-14,-0.007051191167659843
2024-03-15,-0.014194927208306396
2024-03-18,0.0009705533029882307
2024-03-19,-0.012405878821225014
2024-03-20,0.0008221579483815855
2024-03-21,0.019345217715310392
2024-03-22,-0.021563586450491057
2024-03-25,-0.0015655094996537278
2024-03-26,0.00878249627956773
2024-03-27,-0.013568186465896748
2024-03-28,0.009063718034288515
2024-04-02,0.023583199702168045
2024-04-03,-0.01219145874615779
2024-04-05,-7.053395959077946e-05
2024-04-08,0.0005339470376390931
2024-04-09,0.005690644770490971
2024-04-10,0.018486944943646444
2024-04-11,-0.002575423734125115
2024-04-12,-0.021839087682537506
2024-04-15,-0.0072497767623800335
2024-04-16,-0.021173581399989372
2024-04-17,0.0001766337949911101
2024-04-18,0.008247022993310038
2024-04-19,-0.009870058817113891
2024-04-22,0.01772357800896973
2024-04-23,0.019213069339488964
2024-04-24,0.02212498659534856
2024-04-25,0.004840894510647731
2024-04-26,0.021210361861508265
2024-04-29,0.005425128872952101
2024-04-30,0.0009082787078471544
2024-05-02,0.025001454148258828
2024-05-03,0.014762845644161304
2024-05-06,0.005541313223261124
2024-05-07,-0.005325117823738013
2024-05-08,-0.008956461898969481
2024-05-09,0.01222850778141904
2024-05-10,0.022973001021244777
2024-05-13,0.007982673292820097
2024-05-14,-0.0021631953125965664
2024-05-16,0.015876216241677454
2024-05-17,0.0091388955891889
2024-05-20,0.004224863376406596
2024-05-21,-0.02116504844712097
2024-05-22,-0.00130170266977081
2024-05-23,-0.017029354567041022
2024-05-24,-0.013767314854494117
2024-05-27,0.011736840608255195
2024-05-28,-0.0003287479785215597
2024-05-29,-0.01828529101117693
2024-05-30,-0.013358239002459693
2024-05-31,-0.008259929416103096
2024-06-03,0.017889196651960315
2024-06-04,0.0022317135968965562
2024-06-05,-0.00103818715833226
2024-06-06,0.00281356600569449
2024-06-07,-0.005945377871448221
2024-06-11,-0.010377846245984923
2024-06-12,-0.013121453606734224
2024-06-13,0.009744262249386848
2024-06-14,-0.009432730332025074
2024-06-17,-0.00031547351889371633
2024-06-18,-0.001146756397732318
2024-06-19,0.028737036892486634
2024-06-20,-0.00515834495504619
2024-06-21,-0.016732774558666397
2024-06-24,-4.4850812547236885e-05
2024-06-25,0.0025066661697465964
2024-06-26,0.0009422558918010804
2024-06-27,-0.020644579101546046
2024-06-28,0.00012071658688905806
2024-07-02,0.0028518744857763956
2024-07-03,0.011786146101255168
2024-07-04,0.0027649019644482298
2024-07-05,-0.012683957138085677
2024-07-08,-0.015480610968463981
2024-07-09,-4.736791012449615e-05
2024-07-10,-0.0029424110449811636
2024-07-11,0.020642569248543463
2024-07-12,0.02585476935600095
2024-07-15,-0.015166218228481076
2024-07-16,-0.01598356750277885
2024-07-17,0.0006447258626072205
2024-07-18,0.002198494744553914
2024-07-19,-0.020290367112673735
2024-07-22,0.012527568297836744
2024-07-23,-0.009442198305988136
2024-07-24,-0.0090620720744089
2024-07-25,-0.016702661707466926
2024-07-26,-3.522573962000397e-05
2024-07-29,0.01275044575899864
2024-07-30,-0.013657329512816063
2024-07-31,0.020095939458893097
2024-08-01,-0.0022853610211661657
2024-08-02,-0.02077156794362167
2024-08-05,-0.014585007712565767
2024-08-06,-0.0030553619133616428
2024-08-07,0.013847229251858328
2024-08-08,0.0008277532603271354
2024-08-09,0.011745346105625831
2024-08-12,0.0012533430672083679
2024-08-13,0.00364723184644955
2024-08-14,-0.0035344682586463394
2024-08-15,-0.0002465179341797352
2024-08-16,0.018763042416106046
2024-08-19,0.00799821430212222
2024-08-20,-0.003329064589211228
2024-08-21,-0.006856819337488718
2024-08-22,0.014374681961776048
2024-08-23,-0.0016382512683521533
2024-08-26,0.010596741076552618
2024-08-27,0.0042665657114326905
2024-08-28,-0.010194353457794403
2024-08-29,0.005305715030710312
2024-08-30,0.011399209979228164
2024-09-02,-0.016515562183808674
2024-09-03,-0.002288070075927129
2024-09-04,-0.010999093450302921
2024-09-05,-0.0007469100456716227
2024-09-09,-0.014178833927001144
2024-09-10,0.0021590388199950183
2024-09-11,-0.00727505237507331
2024-09-12,0.007696645760223664
2024-09-13,0.007464982757604988
2024-09-16,0.003053084378746629
2024-09-17,0.013655077703507601
2024-09-19,0.01999661576676659
2024-09-20,0.01362393683958052
2024-09-23,-0.0006277018027065484
2024-09-24,0.04129153590251877
2024-09-25,0.0067650142311797
2024-09-26,0.041584835930288166
2024-09-27,0.03551998086534325
2024-09-30,0.024300678415159593
2024-10-02,0.06198876866790304
2024-10-03,-0.014713271645495407
2024-10-04,0.028189074534382463
2024-10-07,0.015961307337674313
2024-10-08,-0.09406974008054558
2024-10-09,-0.013836275945642296
2024-10-10,0.02978790901271
2024-10-14,-0.007486894144240641
2024-10-15,-0.03669866213857631
2024-10-16,-0.0015719171564189116
2024-10-17,-0.010240624049581037
2024-10-18,0.03610768309981838
2024-10-21,-0.015653082361282267
2024-10-22,0.001000479543483701
2024-10-23,0.012742173712791294
2024-10-24,-0.013031276022073879
2024-10-25,0.0049064479583553755
2024-10-28,0.0004472519238709616
2024-10-29,0.004940991035067066
2024-10-30,-0.015482238674952242
2024-10-31,-0.0031064061252981112
2024-11-01,0.009307306060780007
2024-11-04,0.00297905801648346
2024-11-05,0.021366269822051365
2024-11-06,-0.022306397736837513
2024-11-07,0.020204074859464294
2024-11-08,-0.010745322335434682
2024-11-11,-0.014533819574848672
2024-11-12,-0.028396280645150207
2024-11-13,-0.0011806208134681473
2024-11-14,-0.019554552166852535
2024-11-15,-0.0004872810990906862
2024-11-18,0.007735349657148394
2024-11-19,0.004447171888007251
2024-11-20,0.0021023463023051026
2024-11-21,-0.005272790618264578
2024-11-22,-0.01893457481280958
2024-11-25,-0.004107154918190581
2024-11-26,0.0004286454264001982
2024-11-27,0.023170678249983867
2024-11-28,-0.012047561359927017
2024-11-29,0.0029250039633379465
2024-12-02,0.006521943736319535
2024-12-03,0.010027025655391153
2024-12-04,-0.0001954478069292609
2024-12-05,-0.00921979711400911
2024-12-06,0.015613665377093966
2024-12-09,0.027597119939752224
2024-12-10,-0.005036254256835071
2024-12-11,-0.007691712242322235
2024-12-12,0.012006915915346195
2024-12-13,-0.02087608406929231
2024-12-16,-0.008800154519071568
2024-12-17,-0.0047995661890714025
2024-12-18,0.008328239139154814
2024-12-19,-0.005640249148284537
2024-12-20,-0.0016104559497730486
2024-12-23,0.008236606563653881
2024-12-24,0.010821143040637082
2024-12-27,-0.00038949210928640454
2024-12-30,-0.0024410099786940087
2024-12-31,0.000924550104095978
2025-01-02,-0.021766201972330257
2025-01-03,0.0069789014585244225
2025-01-06,-0.0036426865856341584
2025-01-07,-0.012225998084997358
2025-01-08,-0.008625249707220783
2025-01-09,-0.002020204476056664
2025-01-10,-0.00917845051676236
2025-01-13,-0.00997406390957567
2025-01-14,0.018312816394786102
2025-01-15,0.003449103894537453
2025-01-16,0.012279345074590386
2025-01-17,0.0031332410271596167
2025-01-20,0.017450415820662535
2025-01-21,0.009070659080583576
2025-01-22,-0.016302211829672286
2025-01-23,-0.003954188568274231
2025-01-24,0.01855931486721052
2025-01-27,0.006557302692291156
2025-01-28,0.0013536070756574592
2025-02-03,-0.0003881120853024278
2025-02-04,0.028327339041700927
2025-02-05,-0.009277126317351891
2025-02-06,0.014299558777929544
2025-02-07,0.011579759340173412
2025-02-10,0.018380329253005367
2025-02-11,-0.010552982987777626
2025-02-12,0.026441148868821873
2025-02-13,-0.0019924485681007686
2025-02-14,0.03694633258951585
2025-02-17,-0.00018123561242655573
2025-02-18,0.01594342074923727
2025-02-19,-0.0014175297495513384
2025-02-20,-0.016006621351304262
2025-02-21,0.039905223569291604
2025-02-24,-0.005805903901563103
2025-02-25,-0.013177747892544334
2025-02-26,0.03273029074353162
2025-02-27,-0.0029275614109702808
2025-02-28,-0.03275821236315202
2025-03-03,0.0028311020405660248
2025-03-04,-0.0028035836019563165
2025-03-05,0.028439018418404016
2025-03-06,0.03286823204447331
2025-03-07,-0.005679597784519319
2025-03-10,-0.01848066477807553
2025-03-11,-5.6745640009125964e-05
2025-03-12,-0.0076456565030087464
2025-03-13,-0.005832980713392666
2025-03-14,0.021196670872431378
2025-03-17,0.007745826170102887
2025-03-18,0.02464220112837734
2025-03-19,0.0012356349151965151
2025-03-20,-0.022251353484050607
2025-03-21,-0.021892222433502084
2025-03-24,0.009111118128189988
2025-03-25,-0.023480334032509265
2025-03-26,0.005957369052336237
2025-03-27,0.004065884529079078
2025-03-28,-0.006455000544218992
2025-03-31,-0.01310559519389809
2025-04-01,0.0037742798671140942
2025-04-02,-0.0001857446728646961
2025-04-03,-0.01520173708163386
2025-04-07,-0.1322334712327945
2025-04-08,0.015098565911058737
2025-04-09,0.006797134543032435
2025-04-10,0.020592132230997207
2025-04-11,0.011261611146057948
2025-04-14,0.024036261146822113
2025-04-15,0.0022817494062628008
2025-04-16,-0.019066613409664313
2025-04-17,0.0160592900179517
2025-04-22,0.007813909262398333
2025-04-23,0.02366622982727762
2025-04-24,-0.007378343909366647
2025-04-25,0.0032396735294817347
2025-04-28,-0.0003994086086905879
2025-04-29,0.0016452076172366326
2025-04-30,0.005057262273352459
2025-05-02,0.01741771270248549
2025-05-06,0.007022150601315946
2025-05-07,0.0012871329451911162
2025-05-08,0.0037034859746005733
2025-05-09,0.00403146449473657
2025-05-12,0.029811459118301187
2025-05-13,-0.018734671142618398
2025-05-14,0.02303854291880425
2025-05-15,-0.007930840788092364
2025-05-16,-0.0046095866944902975
2025-05-19,-0.0005281666868295343
2025-05-20,0.014947239546663216
2025-05-21,0.0061777737383461595
2025-05-22,-0.011896566040343393
2025-05-23,0.0024188102105016096
2025-05-26,-0.013513248473478456
2025-05-27,0.004280506114104021
2025-05-28,-0.005289527805814043
2025-05-29,0.013546569165675315
2025-05-30,-0.012030999279096122
2025-06-02,-0.005659086834163496
2025-06-03,0.015308747722103222
2025-06-04,0.0060197393423293555
2025-06-05,0.010693375030334407
2025-06-06,-0.004786538706472054
2025-06-09,0.01634506615617748
2025-06-10,-0.0007675537433005086
2025-06-11,0.008445615928817762
2025-06-12,-0.013606903500861245
2025-06-13,-0.005942086515524969
2025-06-16,0.00704946157485109
2025-06-17,-0.0033535383348322068
2025-06-18,-0.011243033629328214
2025-06-19,-0.01994666665788014
2025-06-20,0.012597620569919199
2025-06-23,0.006742335365216956
2025-06-24,0.020597608921219646
2025-06-25,0.012309167551253442
2025-06-26,-0.006098939504658452
2025-06-27,-0.0016957583159000755
2025-06-30,-0.008724665691075328
2025-07-02,0.006195128327310506
2025-07-03,-0.006253587307587627
2025-07-04,-0.006392990998156489
2025-07-07,-0.0011803979461696423
2025-07-08,0.010894260111692367
2025-07-09,-0.010590908370331054
2025-07-10,0.005694249296240184
2025-07-11,0.004627911749823799
2025-07-14,0.002640892077809154
2025-07-15,0.015981229977162892
2025-07-16,-0.0029426199436527467
2025-07-17,-0.0007672212736733464
2025-07-18,0.013335712261893784
2025-07-21,0.006786545360308649
2025-07-22,0.005436821129952252
2025-07-23,0.016237188218309884
2025-07-24,0.005055565021951036
2025-07-25,-0.010863292403753722
2025-07-28,0.006844921102544976
2025-07-29,-0.001474119698091636
2025-07-30,-0.013615162790455604
2025-07-31,-0.01603053328521553
2025-08-01,-0.01071795880540316
2025-08-04,0.009206806599203476
2025-08-05,0.006836089727300321
2025-08-06,0.00032533090929920405
2025-08-07,0.00686453911847229
2025-08-08,-0.008883415441532927
2025-08-11,0.0019305113344767477
2025-08-12,0.0025241746833333245
2025-08-13,0.025790888887428753
2025-08-14,-0.0036835646614787887
2025-08-15,-0.009767109662317752
2025-08-18,-0.0036889768003094403
2025-08-19,-0.0021428105417093946
2025-08-20,0.0017131406736803356
2025-08-21,-0.002437027166787731
2025-08-22,0.009342158903836717
2025-08-25,0.01936804165985806
2025-08-26,-0.011807638219802463
2025-08-27,-0.012660574733989627
2025-08-28,-0.008052590573528473
2025-08-29,0.0031521018648068555
2025-09-01,0.021525200547269696
2025-09-02,-0.004718240205048407
2025-09-03,-0.0060055611076069715
2025-09-04,-0.011242358488501192
2025-09-05,0.014345254625561132
2025-09-08,0.008495155142851374
2025-09-09,0.011867900810708987
2025-09-10,0.010105928899470262
2025-09-11,-0.0043487909717021545
2025-09-12,0.011570809532893911
2025-09-15,0.002213128550046628
2025-09-16,-0.00030441694812188835
2025-09-17,0.01777259246230023
2025-09-18,-0.013510321768825606
2025-09-19,9.418022843599161e-06
2025-09-22,-0.007570473922954402
2025-09-23,-0.007023249951809696
2025-09-24,0.01374401210022591
2025-09-25,-0.0012810117643471397
2025-09-26,-0.013459874650409653
2025-09-29,0.018932863933079913
2025-09-30,0.008739838814929124
2025-10-02,0.01606961779839744
2025-10-03,-0.00535781069436303
2025-10-06,-0.0067481275930292295
2025-10-08,-0.004759614611337226
2025-10-09,-0.0028651747394058402
2025-10-10,-0.01727943103639351
2025-10-13,-0.015246670218750258
2025-10-14,-0.01730938015214012
2025-10-15,0.018444383148096932
2025-10-16,-0.0008525408166165649
2025-10-17,-0.024775862421469674
2025-10-20,0.024229732453023844
2025-10-21,0.006524684319254126
2025-10-22,-0.009443118642460169
2025-10-23,0.007222581726762156
2025-10-24,0.007400264418184532
2025-10-27,0.010456699370620992
2025-10-28,-0.003312385187764111
2025-10-30,-0.0024083668563884553
2025-10-31,-0.014307480334943001
2025-11-03,0.009715998810331916
2025-11-04,-0.007873543650900316
2025-11-05,-0.0006546690910771424
2025-11-06,0.02122543006100641
2025-11-07,-0.009215103466385877
2025-11-10,0.015518371528876918
2025-11-11,0.0017767834363884294
2025-11-12,0.008477556015036525
2025-11-13,0.005582599740373784
2025-11-14,-0.018489558515447646
2025-11-17,-0.007081829608014623
2025-11-18,-0.01721669160975725
2025-11-19,-0.0038325797904893433
2025-11-20,0.0001904683699636145
2025-11-21,-0.023825709043944654
2025-11-24,0.01968596686195312
2025-11-25,0.0069236008496491586
2025-11-26,0.001294839874159015
2025-11-27,0.0006884277324512578
2025-11-28,-0.003354632635959587
2025-12-01,0.006743102136656409
2025-12-02,0.0023735412384502386
2025-12-03,-0.012811636785172276
2025-12-04,0.006799881784699258
2025-12-05,0.005751860751050941
2025-12-08,-0.012256841925247453
2025-12-09,-0.012851709205007
2025-12-10,0.004189190164644918
2025-12-11,-0.00040208370819982964
2025-12-12,0.017480234471302314
2025-12-15,-0.013393041083250679
2025-12-16,-0.015352629140693352
2025-12-17,0.009247685659953486
2025-12-18,0.0011524526620558806
2025-12-19,0.007545589853668044
2025-12-22,0.004330009440036475
2025-12-23,-0.0010708143957544047
2025-12-24,0.0017377519255310503
2025-12-29,-0.007114904489589957
2025-12-30,0.008557330541358654
2025-12-31,-0.008666177402095743
